team_key,short_name,fpl_names,football_data,understat,odds_api
3,ARS,Arsenal,Arsenal,Arsenal,Arsenal
7,AVL,Aston Villa,Aston Villa,Aston Villa,Aston Villa
91,BOU,Bournemouth,Bournemouth,Bournemouth,Bournemouth
94,BRE,Brentford,Brentford,Brentford,Brentford
36,BHA,Brighton,Brighton,Brighton,Brighton and Hove Albion
90,BUR,Burnley,Burnley,Burnley,
97,CAR,Cardiff,Cardiff,Cardiff,
8,CHE,Chelsea,Chelsea,Chelsea,Chelsea
9,COV,Coventry City,Coventry,,Coventry City
31,CRY,Crystal Palace,Crystal Palace,Crystal Palace,Crystal Palace
11,EVE,Everton,Everton,Everton,Everton
54,FUL,Fulham,Fulham,Fulham,Fulham
38,HUD,Huddersfield,Huddersfield,Huddersfield,
88,HUL,Hull;Hull City,Hull,Hull,Hull City
40,IPS,Ipswich;Ipswich Town,Ipswich,Ipswich,Ipswich Town
2,LEE,Leeds,Leeds,Leeds,Leeds United
13,LEI,Leicester,Leicester,Leicester,
14,LIV,Liverpool,Liverpool,Liverpool,Liverpool
102,LUT,Luton,Luton,Luton,
43,MCI,Man City,Man City,Manchester City,Manchester City
1,MUN,Man Utd,Man United,Manchester United,Manchester United
25,MID,Middlesbrough,Middlesbrough,Middlesbrough,
4,NEW,Newcastle,Newcastle,Newcastle United,Newcastle United
45,NOR,Norwich,Norwich,Norwich,
17,NFO,Nott'm Forest,Nott'm Forest,Nottingham Forest,Nottingham Forest
49,SHU,Sheffield Utd,Sheffield United,Sheffield United,
20,SOU,Southampton,Southampton,Southampton,
110,STK,Stoke,Stoke,Stoke,
56,SUN,Sunderland,Sunderland,Sunderland,Sunderland
80,SWA,Swansea,Swansea,Swansea,
6,TOT,Spurs,Tottenham,Tottenham,Tottenham Hotspur
57,WAT,Watford,Watford,Watford,
35,WBA,West Brom,West Brom,West Bromwich Albion,
21,WHU,West Ham,West Ham,West Ham,
39,WOL,Wolves,Wolves,Wolverhampton Wanderers,
1001,BIR,,Birmingham,,
1002,BLB,,Blackburn,,
1003,BLP,,Blackpool,,
1004,BOL,,Bolton,,
1005,CHA,,Charlton,,
1006,DER,,Derby,,
1007,POR,,Portsmouth,,
1008,QPR,,QPR,Queens Park Rangers,
1009,REA,,Reading,,
1010,WIG,,Wigan,,
